POST_CODE,PHARMACY_OPENING_HOURS_SATURDAY,PHARMACY_OPENING_HOURS_THURSDAY,CONTRACT_TYPE,ADDRESS_FIELD_4,ADDRESS_FIELD_3,ADDRESS_FIELD_2,ADDRESS_FIELD_1,TUES_TOTAL,PHARMACY_OPENING_HOURS_TUESDAY,HEALTH_AND_WELLBEING_BOARD,PHARMACY_OPENING_HOURS_FRIDAY,ORGANISATION_NAME,THURS_TOTAL,WEEKLY_TOTAL,PHARMACY_OPENING_HOURS_WEDNESDAY,FRI_TOTAL,PHARMACY_TRADING_NAME,PHARMACY_OPENING_HOURS_MONDAY,SUN_TOTAL,MON_TOTAL,PHARMACY_ODS_CODE__F_CODE_,PHARMACY_OPENING_HOURS_SUNDAY,SAT_TOTAL,WED_TOTAL
BH22 9TH,08:00-18:00,08:00-19:00,Community,,DORSET,FERNDOWN,FERNDOWN DISTRICT CENTRE,11,08:00-19:00,DORSET,08:00-19:00,TESCO STORES LIMITED,11,71,08:00-19:00,11,TESCO INSTORE PHARMACY,08:00-19:00,6,11,FM887,10:00-16:00,10,11
BH10 4BX,08:00-12:00,08:00-20:00,Community,DORSET,BOURNEMOUTH,63 KINSON ROAD,TALBOT MEDICAL CENTRE,12,08:00-20:00,BOURNEMOUTH & POOLE,08:00-18:30,AVICENNA RETAIL LTD,12,59.5,08:00-18:30,10.5,AVICENNA PHARMACY,08:00-18:30,0,10.5,FP470,CLOSED,4,10.5
BH31 6DW,09:00-16:00,08:00-20:00,Community,DORSET,VERWOOD,10 MANOR ROAD,BANK COURT,12,08:00-20:00,DORSET,08:00-20:00,PHARMLAND LTD,12,67,08:00-20:00,12,VERWOOD PHARMACY,08:00-20:00,0,12,FXG05,CLOSED,7,12
BH4 9HJ,08:00-21:00,08:00-21:00,Community,DORSET,BOURNEMOUTH,"MILBURN ROAD,WESTBOURNE",WESTBOURNE MEDICAL CENTRE,13,08:00-21:00,BOURNEMOUTH & POOLE,08:00-21:00,POOLE BAY PHARMACY LTD,13,82,08:00-21:00,13,POOLE BAY PHARMACY,08:00-21:00,4,13,FM668,10:00-14:00,13,13
BH10 5EY,08:45-12:00,08:30-18:30,Community," ",BOURNEMOUTH,KINSON,446 KINSON ROAD,10,08:30-18:30,BOURNEMOUTH & POOLE,08:30-18:30,LP SD NINETY SEVEN LIMITED,10,53.25,08:30-18:30,10,JHOOTS PHARMACY,08:30-18:30,0,10,FE870,CLOSED,3.25,10
DT6 5BN,09:30-12:00,08:45-18:00,Community,DORSET,BRIDPORT,WEST ALLINGTON,BRIDPORT MEDICAL CENTRE,9.25,08:45-18:00,DORSET,08:45-18:00,LP SD FIFTY LIMITED,9.25,48.75,08:45-18:00,9.25,JHOOTS PHARMACY,08:45-18:00,0,9.25,FCV51,CLOSED,2.5,9.25
BH8 8DL,08:00-20:00,09:00-20:00,Community,,BOURNEMOUTH,ST.PAULS ROAD,ASDA SUPERSTORE,11,09:00-20:00,BOURNEMOUTH & POOLE,09:00-20:00,ASDA STORES LTD,11,73,09:00-20:00,11,ASDA PHARMACY,09:00-20:00,6,11,FHC36,11:00-17:00,12,11
BH8 9UY,09:00-18:00,09:00-20:00,Community,,BOURNEMOUTH,CASTLE LANE WEST,UNITS E & F CASTLE POINT,11,09:00-20:00,BOURNEMOUTH & POOLE,09:00-20:00,BOOTS UK LIMITED,11,70,09:00-20:00,11,BOOTS,09:00-20:00,6,11,FWN86,10:30-16:30,9,11
BH12 5BU,09:00-21:00,09:00-21:00,Community,DORSET,POOLE,WALLISDOWN,337 WALLISDOWN ROAD,12,09:00-21:00,BOURNEMOUTH & POOLE,09:00-21:00,AA  AND OO LIMITED,12,82,09:00-21:00,12,WALLISDOWN PHARMACY,09:00-21:00,10,12,FVA67,09:00-19:00,12,12
BH9 3RE,08:30-12:00,"08:30-13:00,13:20-17:30",Community,DORSET,BOURNEMOUTH,MUSCLIFFE,3 TOLPUDDLE GARDENS,8.666666667,"08:30-13:00,13:20-17:30",BOURNEMOUTH & POOLE,"08:30-13:00,13:20-17:30",L ROWLAND & CO (RETAIL) LTD,8.666666667,46.83333333,"08:30-13:00,13:20-17:30",8.666666667,ROWLANDS PHARMACY,"08:30-13:00,13:20-17:30",0,8.666666667,FM738,CLOSED,3.5,8.666666667
BH10 5BG,09:00-12:00,"08:30-13:00,13:20-17:30",Community,DORSET,BOURNEMOUTH,ENSBURY PARK,"8 NEW PDE, HILL VIEW RD",8.666666667,"08:30-13:00,13:20-17:30",BOURNEMOUTH & POOLE,"08:30-13:00,13:20-17:30",L ROWLAND & CO (RETAIL) LTD,8.666666667,46.33333333,"08:30-13:00,13:20-17:30",8.666666667,ROWLANDS PHARMACY,"08:30-13:00,13:20-17:30",0,8.666666667,FQQ97,CLOSED,3,8.666666667
BH22 9HB,09:00-12:00,"08:45-13:00,13:20-18:00",Community,DORSET,FERNDOWN,ST MARY'S ROAD,FERNDOWN MEDICAL CENTRE,8.916666667,"08:45-13:00,13:20-18:00",DORSET,"08:45-13:00,13:20-18:00",L ROWLAND & CO (RETAIL) LTD,8.916666667,47.58333333,"08:45-13:00,13:20-18:00",8.916666667,ROWLANDS PHARMACY,"08:45-13:00,13:20-18:00",0,8.916666667,FPX94,CLOSED,3,8.916666667
BH16 5NJ,09:00-12:00,"08:45-13:00,13:20-18:30",Community,DORSET,POOLE,UPTON,"UNIT 2,1 DORCHESTER ROAD",9.416666667,"08:45-13:00,13:20-18:30",DORSET,"08:45-13:00,13:20-18:30",L ROWLAND & CO (RETAIL) LTD,9.416666667,50.08333333,"08:45-13:00,13:20-18:30",9.416666667,ROWLANDS PHARMACY,"08:45-13:00,13:20-18:30",0,9.416666667,FQN44,CLOSED,3,9.416666667
DT3 6NQ,09:00-12:00,"09:00-13:00,13:20-18:00",Community,DORSET,"LITTLEMOOR ROAD, WEYMOUTH",LITTLEMOOR SHOPPING CTR,UNIT 3,8.666666667,"09:00-13:00,13:20-18:00",DORSET,"09:00-13:00,13:20-18:00",L ROWLAND & CO (RETAIL) LTD,8.666666667,46.33333333,"09:00-13:00,13:20-18:00",8.666666667,ROWLANDS PHARMACY,"09:00-13:00,13:20-18:00",0,8.666666667,FAL73,CLOSED,3,8.666666667
BH23 1EU,09:00-12:00,"09:00-13:00,13:20-18:00",Community," ",DORSET,CHRISTCHURCH,136 PUREWELL,8.666666667,"09:00-13:00,13:20-18:00",DORSET,"09:00-13:00,13:20-18:00",L ROWLAND & CO (RETAIL) LTD,8.666666667,46.33333333,"09:00-13:00,13:20-18:00",8.666666667,ROWLANDS PHARMACY,"09:00-13:00,13:20-18:00",0,8.666666667,FHE81,CLOSED,3,8.666666667
BH17 7XW,09:00-12:00,"09:00-13:00,13:20-18:00",Community,DORSET,POOLE,"NORTHMEAD DR, CREEKMOOR",BIRCHWOOD MEDICAL CENTRE,8.666666667,"09:00-13:00,13:20-18:00",BOURNEMOUTH & POOLE,"09:00-13:00,13:20-18:00",L ROWLAND & CO (RETAIL) LTD,8.666666667,46.33333333,"09:00-13:00,13:20-18:00",8.666666667,ROWLANDS PHARMACY,"09:00-13:00,13:20-18:00",0,8.666666667,FM001,CLOSED,3,8.666666667
BH8 9QR,09:00-12:00,"09:00-13:00,14:00-17:30",Community," ",BOURNEMOUTH," ",357-359 CHARMINSTER ROAD,7.5,"09:00-13:00,14:00-17:30",BOURNEMOUTH & POOLE,"09:00-13:00,14:00-17:30",L ROWLAND & CO (RETAIL) LTD,7.5,40.5,"09:00-13:00,14:00-17:30",7.5,ROWLANDS PHARMACY,"09:00-13:00,14:00-17:30",0,7.5,FF756,CLOSED,3,7.5
BH20 4AF,"09:00-13:00,14:00-17:00","09:00-13:00,14:00-17:30",Community,DORSET,WAREHAM,,4 NORTH STREET,7.5,"09:00-13:00,14:00-17:30",DORSET,"09:00-13:00,14:00-17:30",BOOTS UK LIMITED,7.5,44.5,"09:00-13:00,14:00-17:30",7.5,BOOTS,"09:00-13:00,14:00-17:30",0,7.5,FGD38,CLOSED,7,7.5
DT7 3QF,"09:00-13:00,14:00-17:00","09:00-13:00,14:00-17:30",Community,DORSET,LYME REGIS,,45 BROAD STREET,7.5,"09:00-13:00,14:00-17:30",DORSET,"09:00-13:00,14:00-17:30",SNJ HEALTH LIMITED,7.5,44.5,"09:00-13:00,14:00-17:30",7.5,JHOOTS PHARMACY,"09:00-13:00,14:00-17:30",0,7.5,FHG74,CLOSED,7,7.5
BH16 6BG,CLOSED,"09:00-13:00,14:00-17:30",Community,"POOLE, DORSET",MATRAVERS,LYTCHETT,16 HIGH STREET,7.5,"09:00-13:00,14:00-17:30",DORSET,"09:00-13:00,14:00-17:00",REXPHARM SERVICES LTD,7.5,37,"09:00-13:00,14:00-17:30",7,LYTCHETT PHARMACY,"09:00-13:00,14:00-17:30",0,7.5,FN499,CLOSED,0,7.5
DT10 1PU,09:00-12:30,"09:00-13:00,14:00-17:30",Community,DORSET,STURMINSTER NEWTON,MARNHULL,CHURCH HILL,7.5,"09:00-13:00,14:00-17:30",DORSET,"09:00-13:00,14:00-17:30",ROSEPHARM LTD,7.5,41,"09:00-13:00,14:00-17:30",7.5,MARNHULL PHARMACY,"09:00-13:00,14:00-17:30",0,7.5,FRP28,CLOSED,3.5,7.5
BH6 3RA,"09:00-13:00,14:00-17:00","09:00-13:00,14:00-17:30",Community,DORSET,BOURNEMOUTH,SOUTHBOURNE,20-22 SOUTHBOURNE GROVE,7.5,"09:00-13:00,14:00-17:30",BOURNEMOUTH & POOLE,"09:00-13:00,14:00-17:30",BOOTS UK LIMITED,7.5,44.5,"09:00-13:00,14:00-17:30",7.5,BOOTS,"09:00-13:00,14:00-17:30",0,7.5,FXM71,CLOSED,7,7.5
DT4 9SS,09:00-12:00,"09:00-13:00,14:00-17:45",Community,DORSET,WEYMOUTH,SOUTHILL,123 RADIPOLE LANE,7.75,"09:00-13:00,14:00-17:45",DORSET,"09:00-13:00,14:00-17:45",BESTWAY NATIONAL CHEMISTS LIMITED,7.75,41.75,"09:00-13:00,14:00-17:45",7.75,WELL,"09:00-13:00,14:00-17:45",0,7.75,FGM21,CLOSED,3,7.75
SP8 4FA,CLOSED,"09:00-13:00,14:00-18:15",Community,DORSET,GILLINGHAM,MARLOTT ROAD,MIDDLEFIELD HOUSE,8.25,"09:00-13:00,14:00-18:15",DORSET,"09:00-13:00,14:00-18:15",AVICENNA RETAIL LTD,8.25,41.25,"09:00-13:00,14:00-18:15",8.25,PEACEMARSH PHARMACY,"09:00-13:00,14:00-18:15",0,8.25,FHC80,CLOSED,0,8.25
BH8 9UD,"09:00-13:00,14:00-21:00","09:00-13:00,14:00-21:00",Community,DORSET,BOURNEMOUTH,,482 CASTLE LANE WEST,11,"09:00-13:00,14:00-21:00",BOURNEMOUTH & POOLE,"09:00-13:00,14:00-21:00",CASTLE POINT (UK) LTD,11,77,"09:00-13:00,14:00-21:00",11,CASTLE LANE PHARMACY,"09:00-13:00,14:00-21:00",11,11,FA612,09:00-20:00,11,11
BH17 8UE,"09:00-13:00,14:00-21:00","09:00-13:00,14:00-21:00",Community,DORSET,POOLE,"9 MITCHELL RD,CANFORD HTH",CANFORD HEATH PHARMACY,11,"09:00-13:00,14:00-21:00",BOURNEMOUTH & POOLE,"09:00-13:00,14:00-21:00",LAWTON PHARMACY CONSULTANTS LIMITED,11,76,"09:00-13:00,14:00-21:00",11,CANFORD HEATH PHARMACY,"09:00-13:00,14:00-21:00",10,11,FRK84,09:00-19:00,11,11
DT4 9DJ,09:00-13:00,"09:00-13:00,14:15-17:30",Community," ",DORSET,WEYMOUTH,LANEHOUSE ROCKS RD,7.25,"09:00-13:00,14:15-17:30",DORSET,"09:00-13:00,14:15-17:30",WESSEX PHARMACIES LTD,7.25,40.25,"09:00-13:00,14:15-17:30",7.25,WESSEX PHARMACY,"09:00-13:00,14:15-17:30",0,7.25,FCM76,CLOSED,4,7.25
DT4 7JJ,09:00-13:00,"09:00-13:00,14:15-17:30",Community," ",DORSET,WEYMOUTH,14 AVENUE RD,7.25,"09:00-13:00,14:15-17:30",DORSET,"09:00-13:00,14:15-17:30",WESSEX PHARMACIES LTD,7.25,40.25,"09:00-13:00,14:15-17:30",7.25,WESSEX PHARMACY,"09:00-13:00,14:15-17:30",0,7.25,FXF11,CLOSED,4,7.25
BH23 3QG,09:00-13:15,"09:00-13:15,14:15-17:30",Community,DORSET,CHRISTCHURCH,,186 SOMERFORD ROAD,7.5,"09:00-13:15,14:15-17:30",DORSET,"09:00-13:15,14:15-17:30",POPE KYRELLOS LIMITED,7.5,41.75,"09:00-13:15,14:15-17:30",7.5,SOMERFORD PHARMACY,"09:00-13:15,14:15-17:30",0,7.5,FGD30,CLOSED,4.25,7.5
DT11 7DX,09:00-16:00,"09:00-13:15,14:15-17:30",Community,DORSET,BLANDFORD,,45 EAST STREET,7.5,"09:00-13:15,14:15-17:30",DORSET,"09:00-13:15,14:15-17:30",BOOTS UK LIMITED,7.5,44.5,"09:00-13:15,14:15-17:30",7.5,BOOTS,"09:00-13:15,14:15-17:30",0,7.5,FND53,CLOSED,7,7.5
BH9 2RE,CLOSED,09:00-17:00,DAC,,BOURNEMOUTH,WINTON,8 VICTORIA PARK ROAD,8,09:00-17:00,BOURNEMOUTH & POOLE,09:00-17:00,FITTLEWORTH MEDICAL LIMITED,8,40,09:00-17:00,8,FITTLEWORTH MEDICAL LTD,09:00-17:00,0,8,FCY62,CLOSED,0,8
BH22 9NG,CLOSED,09:00-17:00,DAC,DORSET,FERNDOWN,,530 WIMBORNE ROAD EAST,8,09:00-17:00,DORSET,09:00-17:00,RESPOND HEALTHCARE LIMITED,8,40,09:00-17:00,8,RESPOND HEALTHCARE LTD,09:00-17:00,0,8,FMK11,CLOSED,0,8
BH21 4AY,CLOSED,09:00-18:00,Community,DORSET,WIMBORNE,STURMINSTER MARSHALL,66 HIGH STREET,9,09:00-18:00,DORSET,09:00-18:00,WELLBEING (UNITED KINGDOM) LIMITED,9,40,09:00-13:00,9,WELLBEING PHARMACY,09:00-18:00,0,9,FRL80,CLOSED,0,4
DT3 4DT,CLOSED,"08:30-13:00,14:00-17:30",Community,DORSET,WEYMOUTH,CHICKERELL,16 EAST STREET,8,"08:30-13:00,14:00-17:30",DORSET,"08:30-13:00,14:00-17:30",DAY LEWIS PLC,8,40,"08:30-13:00,14:00-17:30",8,DAY LEWIS PHARMACY,"08:30-13:00,14:00-17:30",0,8,FX758,CLOSED,0,8
BH6 3DB,CLOSED,"08:45-13:00,14:00-17:45",Community," ",BOURNEMOUTH,SOUTHBOURNE,29A BELLEVUE ROAD,8,"08:45-13:00,14:00-17:45",BOURNEMOUTH & POOLE,"08:45-13:00,14:00-17:45",PHARMASTAR LIMITED,8,40,"08:45-13:00,14:00-17:45",8,C & M CHEMISTS,"08:45-13:00,14:00-17:45",0,8,FWN53,CLOSED,0,8
BH22 9HU,CLOSED,"09:00-12:30,13:00-17:30",Community,DORSET,FERNDOWN,97 VICTORIA ROAD,REAR OF FERNDOWN PO,8,"09:00-12:30,13:00-17:30",DORSET,"09:00-12:30,13:00-17:30",P & D CARDS LIMITED,8,40,"09:00-12:30,13:00-17:30",8,MEDS2HOME PHARMACY,"09:00-12:30,13:00-17:30",0,8,FXL79,CLOSED,0,8
SP8 4AG,09:00-11:30,"09:00-12:30,13:30-17:30",Community,,DORSET,GILLINGHAM,THE HIGH STREET,7.5,"09:00-12:30,13:30-17:30",DORSET,"09:00-12:30,13:30-17:30",AVICENNA RETAIL LTD,7.5,40,"09:00-12:30,13:30-17:30",7.5,GILLINGHAM PHARMACY,"09:00-12:30,13:30-17:30",0,7.5,FTE44,CLOSED,2.5,7.5
BH19 1AF,CLOSED,"09:00-12:30,13:30-18:00",Community,,DORSET,SWANAGE,40 STATION ROAD,8,"09:00-12:30,13:30-18:00",DORSET,"09:00-12:30,13:30-18:00",BESTWAY NATIONAL CHEMISTS LIMITED,8,40,"09:00-12:30,13:30-18:00",8,WELL,"09:00-12:30,13:30-18:00",0,8,FQ123,CLOSED,0,8
DT8 3AA,09:00-11:30,"09:00-13:00,14:00-17:30",Community," ",DORSET,BEAMINSTER,20 HOGSHILL STREET,7.5,"09:00-13:00,14:00-17:30",DORSET,"09:00-13:00,14:00-17:30",FLAGSHIP (DORSET) LTD,7.5,40,"09:00-13:00,14:00-17:30",7.5,BEAMINSTER PHARMACY,"09:00-13:00,14:00-17:30",0,7.5,FFW83,CLOSED,2.5,7.5
BH12 3PG,CLOSED,"09:00-13:00,14:00-18:00",Community,DORSET,POOLE,RINGWOOD ROAD,45 WESSEX TRADE CENTRE,8,"09:00-13:00,14:00-18:00",BOURNEMOUTH & POOLE,"09:00-13:00,14:00-18:00",AUTOMEDS PHARMACY LTD,8,40,"09:00-13:00,14:00-18:00",8,AUTOMEDS PHARMACY,"09:00-13:00,14:00-18:00",0,8,FAE92,CLOSED,0,8
BH20 7AX,CLOSED,"09:00-13:00,14:00-18:00",Community,DORSET,WAREHAM,SANDFORD,19 ST HELEN'S ROAD,8,"09:00-13:00,14:00-18:00",DORSET,"09:00-13:00,14:00-18:00",REXPHARM SERVICES LIMITED,8,40,"09:00-13:00,14:00-18:00",8,SANDFORD PHARMACY,"09:00-13:00,14:00-18:00",0,8,FGJ07,CLOSED,0,8
BH23 1QU,CLOSED,"09:00-13:00,14:00-18:00",Community,,DORSET,CHRISTCHURCH,2A TWYNHAM AVENUE,8,"09:00-13:00,14:00-18:00",DORSET,"09:00-13:00,14:00-18:00",BOOTS UK LIMITED,8,40,"09:00-13:00,14:00-18:00",8,BOOTS,"09:00-13:00,14:00-18:00",0,8,FV785,CLOSED,0,8
BH21 1NL,CLOSED,"09:00-13:00,14:00-18:00",Community,DORSET,,WIMBORNE,KNOBCROOK ROAD,8,"09:00-13:00,14:00-18:00",DORSET,"09:00-13:00,14:00-18:00",REXPHARM SERVICES LIMITED,8,40,"09:00-13:00,14:00-18:00",8,THE WALFORD MILL PHARMACY,"09:00-13:00,14:00-18:00",0,8,FVR30,CLOSED,0,8
BH12 4HY,CLOSED,"09:00-13:00,14:00-18:00",Community,DORSET,POOLE,PARKSTONE,270 HERBERT AVENUE,8,"09:00-13:00,14:00-18:00",BOURNEMOUTH & POOLE,"09:00-13:00,14:00-18:00",PREMODEN LIMITED,8,40,"09:00-13:00,14:00-18:00",8,NIMO PHARMACY,"09:00-13:00,14:00-18:00",0,8,FW563,CLOSED,0,8
DT3 6LD,CLOSED,"09:00-13:00,14:00-18:00",Community,DORSET,WEYMOUTH,PRESTON,7 LITTLEMOOR ROAD,8,"09:00-13:00,14:00-18:00",DORSET,"09:00-13:00,14:00-18:00",L ROWLAND & CO (RETAIL) LTD,8,40,"09:00-13:00,14:00-18:00",8,ROWLANDS PHARMACY,"09:00-13:00,14:00-18:00",0,8,FWV19,CLOSED,0,8
DT2 7UA,CLOSED,"09:00-13:30,14:00-17:30",Community,DORSET,DORCHESTER,PIDDLEHINTON,UNIT 52F ENTERPRISE PARK,8,"09:00-13:30,14:00-17:30",DORSET,"09:00-13:30,14:00-17:30",AUTOMEDS PHARMACY LTD,8,40,"09:00-13:30,14:00-17:30",8,AUTOMEDS PHARMACY LTD,"09:00-13:30,14:00-17:30",0,8,FRD44,CLOSED,0,8
BH6 3LA,09:00-13:00,"09:00-13:00,13:30-17:30",Community,DORSET,BOURNEMOUTH,SOUTHBOURNE,171 TUCKTON ROAD,8,"09:00-13:00,13:30-17:30",BOURNEMOUTH & POOLE,"09:00-13:00,13:30-17:30",FRANSIL LTD,8,44,"09:00-13:00,13:30-17:30",8,HEALTHPOINT PHARMACY,"09:00-13:00,13:30-17:30",0,8,FHC79,CLOSED,4,8
BH17 8SA,09:00-13:00,"09:00-13:00,14:00-18:00",Community,DORSET,POOLE,CANFORD HEATH,3 ADASTRAL SQUARE,8,"09:00-13:00,14:00-18:00",BOURNEMOUTH & POOLE,"09:00-13:00,14:00-18:00",LAWTON PHARMACY CONSULTANTS LIMITED,8,44,"09:00-13:00,14:00-18:00",8,ADASTRAL PHARMACY,"09:00-13:00,14:00-18:00",0,8,FA406,CLOSED,4,8
BH4 9DZ,09:00-13:00,"09:00-13:00,14:00-18:00",Community," ",BOURNEMOUTH,WESTBOURNE,62 POOLE ROAD,8,"09:00-13:00,14:00-18:00",BOURNEMOUTH & POOLE,"09:00-13:00,14:00-18:00",ARROWEDGE LTD,8,44,"09:00-13:00,14:00-18:00",8,ARROWEDGE PHARMACY,"09:00-13:00,14:00-18:00",0,8,FE691,CLOSED,4,8
BH22 0HX,09:00-13:00,"09:00-13:00,14:00-18:00",Community,DORSET,WIMBORNE,WEST MOORS,"UNIT 6, 175 STATION ROAD",8,"09:00-13:00,14:00-18:00",DORSET,"09:00-13:00,14:00-18:00",APHARM LTD,8,44,"09:00-13:00,14:00-18:00",8,MOORS PHARMACY,"09:00-13:00,14:00-18:00",0,8,FL781,CLOSED,4,8
BH21 2SE,09:00-13:00,"09:00-13:00,14:00-18:00",Community,DORSET,WIMBORNE,COLEHILL,42 MIDDLEHILL ROAD,8,"09:00-13:00,14:00-18:00",DORSET,"09:00-13:00,14:00-18:00",MEDICINE CLINIC LIMITED,8,44,"09:00-13:00,14:00-18:00",8,COLEHILL PHARMACY,"09:00-13:00,14:00-18:00",0,8,FLX51,CLOSED,4,8
DT4 0AE,09:00-13:00,"09:00-13:00,14:00-18:00",Community,DORSET,WEYMOUTH,WESTHAM,26 ABBOTSBURY RD,8,"09:00-13:00,14:00-18:00",DORSET,"09:00-13:00,14:00-18:00",WEYMOUTH PHARMA LTD,8,44,"09:00-13:00,14:00-18:00",8,WEYMOUTH PHARMACY,"09:00-13:00,14:00-18:00",0,8,FPN51,CLOSED,4,8
BH23 2FQ,09:00-13:00,"09:00-13:00,14:00-18:00",Community,DORSET,CHRISTCHURCH,FAIRMILE,FAIRMILE ROAD,8,"09:00-13:00,14:00-18:00",DORSET,"09:00-13:00,14:00-18:00",MEDICINE CLINIC LIMITED,8,44,"09:00-13:00,14:00-18:00",8,THE GROVE PHARMACY,"09:00-13:00,14:00-18:00",0,8,FR035,CLOSED,4,8
DT9 3BA,09:00-13:00,"09:00-14:00,14:30-17:30",Community,DORSET,SHERBORNE," ",77 CHEAP STREET,8,"09:00-14:00,14:30-17:30",DORSET,"09:00-14:00,14:30-17:30",BESTWAY NATIONAL CHEMISTS LIMITED,8,44,"09:00-14:00,14:30-17:30",8,WELL,"09:00-14:00,14:30-17:30",0,8,FPA91,CLOSED,4,8
BH20 4LR,09:00-13:00,"09:00-14:00,14:30-17:30",Community,DORSET,BOURNEMOUTH,WAREHAM,11-13 SOUTH STREET,8,"09:00-14:00,14:30-17:30",DORSET,"09:00-14:00,14:30-17:30",DAY LEWIS PLC,8,44,"09:00-14:00,14:30-17:30",8,DAY LEWIS PHARMACY,"09:00-14:00,14:30-17:30",0,8,FWV11,CLOSED,4,8
DT4 7AW,09:00-12:00,08:30-17:30,Community,DORSET,WEYMOUTH,,22 GLOUCESTER STREET,9,08:30-17:30,DORSET,08:30-17:30,LP SD FIFTY LIMITED,9,48,08:30-17:30,9,JHOOTS PHARMACY,08:30-17:30,0,9,FM216,CLOSED,3,9
DT1 1BQ,09:00-17:00,09:00-17:00,Community,DORSET,DORCHESTER,,12-13 CORNHILL,8,09:00-17:00,DORSET,09:00-17:00,BOOTS UK LIMITED,8,48,09:00-17:00,8,BOOTS,09:00-17:00,0,8,FDA03,CLOSED,8,8
BH1 1HF,09:00-17:00,09:00-17:00,DAC,DORSET,BOURNEMOUTH,,125 OLD CHRISTCHURCH RD,8,09:00-17:00,BOURNEMOUTH & POOLE,09:00-17:00,SALTS HEALTHCARE LIMITED,8,48,09:00-17:00,8,SALTS MEDILINK,09:00-17:00,0,8,FWP06,CLOSED,8,8
BH19 1AE,CLOSED,08:30-18:30,Community,DORSET,SWANAGE," ",22 STATION ROAD,10,08:30-18:30,DORSET,08:30-18:30,BESTWAY NATIONAL CHEMISTS LIMITED,10,50,08:30-18:30,10,WELL,08:30-18:30,0,10,FE320,CLOSED,0,10
BH23 5ET,CLOSED,08:30-18:30,Community,DORSET,HIGHCLIFFE,248 LYMINGTON ROAD,HIGHCLIFFE MEDICAL CENTRE,10,08:30-18:30,DORSET,08:30-18:30,SUTTON CHASE LTD,10,50,08:30-18:30,10,KAMSONS PHARMACY,08:30-18:30,0,10,FNC83,CLOSED,0,10
BH12 5BF,CLOSED,08:30-18:30,Community,DORSET,POOLE,WALLISDOWN,6 GILLETT ROAD,10,08:30-18:30,BOURNEMOUTH & POOLE,08:30-18:30,DAY LEWIS PLC,10,50,08:30-18:30,10,DAY LEWIS PHARMACY,08:30-18:30,0,10,FRN49,CLOSED,0,10
DT10 1AS,09:00-16:00,09:00-18:00,Community,DORSET,STURMINSTER NEWTON,,1 MARKET PLACE,9,09:00-18:00,DORSET,09:00-18:00,BOOTS UK LIMITED,9,52,09:00-18:00,9,BOOTS,09:00-18:00,0,9,FCJ53,CLOSED,7,9
DT4 8LY,"08:30-13:30,14:30-17:30","08:30-13:30,14:30-17:30",Community,DORSET,WEYMOUTH,,1-2 NEW BOND STREET,8,"08:30-13:30,14:30-17:30",DORSET,"08:30-13:30,14:30-17:30",BOOTS UK LIMITED,8,54,"08:30-13:30,14:30-17:30",8,BOOTS,"08:30-13:30,14:30-17:30",6,8,FF509,10:00-16:00,8,8
BH2 5NL,"09:00-13:00,14:00-18:00","09:00-13:00,14:00-18:00",Community," "," ",BOURNEMOUTH,18-20 COMMERCIAL RD,8,"09:00-13:00,14:00-18:00",BOURNEMOUTH & POOLE,"09:00-13:00,14:00-18:00",BOOTS UK LIMITED,8,54,"09:00-13:00,14:00-18:00",8,BOOTS,"09:00-13:00,14:00-18:00",6,8,FQ299,10:30-16:30,8,8
BH23 5EY,09:00-17:30,08:30-18:00,Community,DORSET,CHRISTCHURCH,HIGHCLIFFE,344-346 LYMINGTON ROAD,9.5,08:30-18:00,DORSET,08:30-18:00,SUTTON CHASE LTD,9.5,56,08:30-18:00,9.5,KAMSONS PHARMACY,08:30-18:00,0,9.5,FKA59,CLOSED,8.5,9.5
BH22 9AG,"09:00-13:00,17:00-21:00",09:00-21:00,Community,,DORSET,FERNDOWN,487 RINGWOOD ROAD,12,09:00-21:00,DORSET,09:00-21:00,FERNDOWN PHARMACY LTD,12,72,09:00-21:00,12,FERNDOWN PHARMACY,09:00-21:00,4,12,FFE58,10:00-14:00,8,12
BH31 6EH,"08:00-13:00,14:00-21:00","08:00-13:00,14:00-21:00",Community,DORSET,VERWOOD,LAKE ROAD,LAKE ROAD SURGERY,12,"08:00-13:00,14:00-21:00",DORSET,"08:00-13:00,14:00-21:00",PHARMLAND LTD,12,72,"08:00-13:00,14:00-21:00",12,VERWOOD PHARMACY,"08:00-13:00,14:00-21:00",0,12,FTG67,CLOSED,12,12
BA21 5BT,"09:00-13:00,14:00-21:00","09:00-13:00,14:00-21:00",Community,SOMERSET,"SHERBORNE RD, YEOVIL",BABYLON HILL,"UNIT 7, THE PEEL CENTRE",11,"09:00-13:00,14:00-21:00",DORSET,"09:00-13:00,14:00-21:00",BOOTS UK LIMITED,11,72,"09:00-13:00,14:00-21:00",11,BOOTS,"09:00-13:00,14:00-21:00",6,11,FV817,10:00-16:00,11,11
DT4 8JQ,"09:00-12:30,13:00-16:30,17:00-21:00","09:00-12:30,13:00-16:30,17:00-21:00",Community,DORSET,WEYMOUTH,,NEWSTEAD ROAD,11,"09:00-12:30,13:00-16:30,17:00-21:00",DORSET,"09:00-12:30,13:00-16:30,17:00-21:00",ASDA STORES LTD,11,72,"09:00-12:30,13:00-16:30,17:00-21:00",11,ASDA PHARMACY,"09:00-12:30,13:00-16:30,17:00-21:00",6,11,FHC86,10:00-16:00,11,11
BH15 1JQ,"09:00-12:30,13:00-16:30,17:00-21:00","09:00-12:30,13:00-16:30,17:00-21:00",Community,DORSET,POOLE,WEST QUAY ROAD,ASDA STORE,11,"09:00-12:30,13:00-16:30,17:00-21:00",BOURNEMOUTH & POOLE,"09:00-12:30,13:00-16:30,17:00-21:00",ASDA STORES LTD,11,72,"09:00-12:30,13:00-16:30,17:00-21:00",11,ASDA PHARMACY,"09:00-12:30,13:00-16:30,17:00-21:00",6,11,FM329,10:00-16:00,11,11
BH8 8BL,CLOSED,09:00-17:30,Community," ",BOURNEMOUTH,QUEENS PARK,386 HOLDENHURST RD,8.5,09:00-17:30,BOURNEMOUTH & POOLE,09:00-17:30,MEDI INNOVATION LTD,8.5,42.5,09:00-17:30,8.5,QUEENS PARK PHARMACY,09:00-17:30,0,8.5,FKH46,CLOSED,0,8.5
BH14 0AD,09:00-14:00,"09:00-13:00,14:00-17:30",Community,DORSET,POOLE,PARKSTONE,462 ASHLEY ROAD,7.5,"09:00-13:00,14:00-17:30",BOURNEMOUTH & POOLE,"09:00-13:00,14:00-17:30",SHALLI LIMITED,7.5,42.5,"09:00-13:00,14:00-17:30",7.5,BRYANT PHARMACY,"09:00-13:00,14:00-17:30",0,7.5,FCE37,CLOSED,5,7.5
BH2 5QR,CLOSED,"09:00-13:00,14:00-18:30",Community,DORSET,BOURNEMOUTH,"7 POOLE ROAD, WESTBOURNE",POOLE ROAD MEDICAL CENTRE,8.5,"09:00-13:00,14:00-18:30",BOURNEMOUTH & POOLE,"09:00-13:00,14:00-18:30",WESTCLIFF MEDICINES LIMITED,8.5,42.5,"09:00-13:00,14:00-18:30",8.5,WESTCLIFF PHARMACY,"09:00-13:00,14:00-18:30",0,8.5,FXP11,CLOSED,0,8.5
SP8 4XS,CLOSED,"09:00-13:30,14:30-18:30",Community,"GILLINGHAM, DORSET",NEWBURY,THE BARN SURGERY,GILLINGHAM MEDICAL PRACT,8.5,"09:00-13:30,14:30-18:30",DORSET,"09:00-13:30,14:30-18:30",AVICENNA RETAIL LTD,8.5,42.5,"09:00-13:30,14:30-18:30",8.5,THE BARN PHARMACY,"09:00-13:30,14:30-18:30",0,8.5,FWL38,CLOSED,0,8.5
DT1 2LW,09:00-13:00,09:00-17:30,Community,DORSET,DORCHESTER,,14 MAUD ROAD,8.5,09:00-17:30,DORSET,09:00-17:30,AUNPHARMA LIMITED,8.5,46.5,09:00-17:30,8.5,VICTORIA PARK PHARMACY,09:00-17:30,0,8.5,FCP93,CLOSED,4,8.5
BH11 8DU,09:00-13:00,09:00-17:30,Community," ",BOURNEMOUTH,WEST HOWE,24/26 CUNNINGHAM CRESCENT,8.5,09:00-17:30,BOURNEMOUTH & POOLE,09:00-17:30,AVICENNA RETAIL LTD,8.5,46.5,09:00-17:30,8.5,AVICENNA PHARMACY,09:00-17:30,0,8.5,FJH73,CLOSED,4,8.5
DT6 3LF,09:00-13:00,09:00-17:30,Community,DORSET,BRIDPORT," ",24 EAST STREET,8.5,09:00-17:30,DORSET,09:00-17:30,BESTWAY NATIONAL CHEMISTS LIMITED,8.5,46.5,09:00-17:30,8.5,WELL,09:00-17:30,0,8.5,FK141,CLOSED,4,8.5
BH6 3JX,09:00-13:00,09:00-17:30,Community,DORSET,BOURNEMOUTH,TUCKTON,160 TUCKTON RD,8.5,09:00-17:30,BOURNEMOUTH & POOLE,09:00-17:30,TUCKTON PHARMACY LIMITED,8.5,46.5,09:00-17:30,8.5,TUCKTON PHARMACY,09:00-17:30,0,8.5,FR043,CLOSED,4,8.5
BH14 8UB,09:00-13:00,09:00-17:30,Community,DORSET,POOLE,PARKSTONE,10 STATION ROAD,8.5,09:00-17:30,BOURNEMOUTH & POOLE,09:00-17:30,CLICK SOLUTIONS LTD,8.5,46.5,09:00-17:30,8.5,PARKSTONE PHARMACY,09:00-17:30,0,8.5,FRW74,CLOSED,4,8.5
DT7 3LS,09:00-12:30,09:00-18:00,Community,DORSET,LYME REGIS,UPLYME ROAD,"PHARMACY, LYME REGIS CCC",9,09:00-18:00,DORSET,09:00-18:00,LP SD EIGHT LIMITED,9,48.5,09:00-18:00,9,JHOOTS PHARMACY,09:00-18:00,0,9,FM042,CLOSED,3.5,9
BH9 1SE,09:00-17:00,09:00-17:30,Community,DORSET,BOURNEMOUTH,,88 CHARMINSTER AVENUE,8.5,09:00-17:30,BOURNEMOUTH & POOLE,09:00-17:30,HILLVIEW PHARMACY LIMITED,8.5,50.5,09:00-17:30,8.5,WRIGHTS PHARMACY,09:00-17:30,0,8.5,FKT39,CLOSED,8,8.5
DT6 3QJ,09:00-17:00,09:00-17:30,Community,DORSET,BRIDPORT,,3-5 WEST ST,8.5,09:00-17:30,DORSET,09:00-17:30,BOOTS UK LIMITED,8.5,50.5,09:00-17:30,8.5,BOOTS,09:00-17:30,0,8.5,FXH34,CLOSED,8,8.5
BH15 4JQ,09:00-17:00,"09:00-13:00,13:30-18:00",Community,DORSET,POOLE,HAMWORTHY,300 BLANDFORD ROAD,8.5,"09:00-13:00,13:30-18:00",BOURNEMOUTH & POOLE,"09:00-13:00,13:30-18:00",BOOTS UK LIMITED,8.5,50.5,"09:00-13:00,13:30-18:00",8.5,BOOTS,"09:00-13:00,13:30-18:00",0,8.5,FKQ52,CLOSED,8,8.5
BH20 6EJ,09:00-16:30,09:00-18:00,Community,DORSET,WAREHAM,WOOL,DORCHESTER ROAD,9,09:00-18:00,DORSET,09:00-18:00,BOOTS UK LIMITED,9,52.5,09:00-18:00,9,BOOTS,09:00-18:00,0,9,FQA35,CLOSED,7.5,9
BH21 1AP,08:30-17:00,09:00-19:00,Community,DORSET,WIMBORNE,29 LEIGH ROAD,RODWAYS CORNER,10,09:00-19:00,DORSET,09:00-19:00,BOOTS UK LIMITED,10,58.5,09:00-19:00,10,BOOTS,09:00-19:00,0,10,FQP89,CLOSED,8.5,10
BH12 3HF,CLOSED,08:30-17:30,Community,DORSET,POOLE,ROSEMARY GARDENS,ROSEMARY HEALTH CENTRE,9,08:30-17:30,BOURNEMOUTH & POOLE,08:30-17:30,LP SD FIFTY LIMITED,9,45,08:30-17:30,9,JHOOTS PHARMACY,08:30-17:30,0,9,FJH06,CLOSED,0,9
DT4 9PQ,CLOSED,09:00-18:00,Community,DORSET,WEYMOUTH,RODWELL,27 BUXTON ROAD,9,09:00-18:00,DORSET,09:00-18:00,BESTWAY NATIONAL CHEMISTS LIMITED,9,45,09:00-18:00,9,WELL,09:00-18:00,0,9,FGD26,CLOSED,0,9
DT4 0LX,CLOSED,09:00-18:00,Community," ",DORSET,WEYMOUTH,173A ABBOTSBURY ROAD,9,09:00-18:00,DORSET,09:00-18:00,BESTWAY NATIONAL CHEMISTS LIMITED,9,45,09:00-18:00,9,WELL,09:00-18:00,0,9,FGD60,CLOSED,0,9
DT4 7BX,CLOSED,09:00-18:00,Community,DORSET,WEYMOUTH,,24 CRESCENT STREET,9,09:00-18:00,DORSET,09:00-18:00,BESTWAY NATIONAL CHEMISTS LIMITED,9,45,09:00-18:00,9,WELL,09:00-18:00,0,9,FJV68,CLOSED,0,9
BH14 0DJ,CLOSED,09:00-18:00,Community,DORSET,POOLE,"MANSFIELD ROAD, PARKSTONE",PARKSTONE HEALTH CENTRE,9,09:00-18:00,BOURNEMOUTH & POOLE,09:00-18:00,SHORE MEDICINES LIMITED,9,45,09:00-18:00,9,SHORE PHARMACY,09:00-18:00,0,9,FLC78,CLOSED,0,9
BH23 7JN,CLOSED,09:00-18:00,Community,DORSET,CHRISTCHURCH,BURTON GREEN,123 SALISBURY ROAD,9,09:00-18:00,DORSET,09:00-18:00,DAY LEWIS PLC,9,45,09:00-18:00,9,DAY LEWIS PHARMACY,09:00-18:00,0,9,FQD14,CLOSED,0,9
DT4 9BG,CLOSED,09:00-18:00,Community,DORSET,WEYMOUTH,WYKE REGIS,107 PORTLAND RD,9,09:00-18:00,DORSET,09:00-18:00,BOOTS UK LIMITED,9,45,09:00-18:00,9,BOOTS,09:00-18:00,0,9,FVN62,CLOSED,0,9
BH14 8EE,CLOSED,"08:00-13:00,14:00-18:00",Community,DORSET,POOLE,"ELMS AVENUE, LILLIPUT",LILLIPUT MEDICAL CENTRE,9,"08:00-13:00,14:00-18:00",BOURNEMOUTH & POOLE,"08:00-13:00,14:00-18:00",DAY LEWIS PLC,9,45,"08:00-13:00,14:00-18:00",9,DAY LEWIS PHARMACY,"08:00-13:00,14:00-18:00",0,9,FME91,CLOSED,0,9
BH4 9DZ,"09:00-13:00,14:00-17:30","09:00-13:00,14:00-17:30",Community," ",BOURNEMOUTH,WESTBOURNE,72 POOLE RD,7.5,"09:00-13:00,14:00-17:30",BOURNEMOUTH & POOLE,"09:00-13:00,14:00-17:30",BOOTS UK LIMITED,7.5,45,"09:00-13:00,14:00-17:30",7.5,BOOTS,"09:00-13:00,14:00-17:30",0,7.5,FQ519,CLOSED,7.5,7.5
DT9 3BA,"09:00-13:00,14:00-17:30","09:00-13:00,14:00-17:30",Community,DORSET,SHERBORNE,,29 CHEAP STREET,7.5,"09:00-13:00,14:00-17:30",DORSET,"09:00-13:00,14:00-17:30",BOOTS UK LIMITED,7.5,45,"09:00-13:00,14:00-17:30",7.5,BOOTS,"09:00-13:00,14:00-17:30",0,7.5,FQK43,CLOSED,7.5,7.5
SP7 8JG,"09:00-13:30,14:30-17:30","09:00-13:30,14:30-17:30",Community," ",DORSET,SHAFTESBURY,33 HIGH ST,7.5,"09:00-13:30,14:30-17:30",DORSET,"09:00-13:30,14:30-17:30",BOOTS UK LIMITED,7.5,45,"09:00-13:30,14:30-17:30",7.5,BOOTS,"09:00-13:30,14:30-17:30",0,7.5,FPC33,CLOSED,7.5,7.5
BH21 3LN,09:00-13:00,09:00-18:00,Community,DORSET,WIMBORNE,CORFE MULLEN,216B WAREHAM ROAD,9,09:00-18:00,DORSET,09:00-18:00,BOOTS UK LIMITED,9,49,09:00-18:00,9,BOOTS,09:00-18:00,0,9,FAM12,CLOSED,4,9
BH11 9HS,09:00-13:00,09:00-18:00,Community,DORSET,BOURNEMOUTH,BEAR CROSS,52 ANCHOR ROAD,9,09:00-18:00,BOURNEMOUTH & POOLE,09:00-18:00,BEAR CROSS PHARMA LTD,9,49,09:00-18:00,9,BEAR CROSS PHARMACY,09:00-18:00,0,9,FJ896,CLOSED,4,9
BH9 2AB,09:00-13:00,09:00-18:00,Community,DORSET,BOURNEMOUTH,WINTON,309 WIMBORNE ROAD,9,09:00-18:00,BOURNEMOUTH & POOLE,09:00-18:00,RIVERSIDE (BOURNEMOUTH) LTD,9,49,09:00-18:00,9,WINTON PHARMACY,09:00-18:00,0,9,FWH91,CLOSED,4,9
BH18 8DP,"08:45-12:30,13:30-17:30","08:45-12:30,13:30-18:00",Community,DORSET,BROADSTONE,LOWER BLANDFORD ROAD,184B THE BROADWAY,8.25,"08:45-12:30,13:30-18:00",BOURNEMOUTH & POOLE,"08:45-12:30,13:30-18:00",BOOTS UK LIMITED,8.25,49,"08:45-12:30,13:30-18:00",8.25,BOOTS,"08:45-12:30,13:30-18:00",0,8.25,FH405,CLOSED,7.75,8.25
BH12 1DN,09:00-14:00,09:00-17:00,Community,DORSET,POOLE,REDLANDS ROAD,UNIT 4 COMMERCE CENTRE,8,09:00-17:00,BOURNEMOUTH & POOLE,09:00-17:00,BOOTS UK LIMITED,8,51,09:00-17:00,8,BOOTS,09:00-17:00,6,8,FAX44,10:00-16:00,5,8
BH15 1SX,09:00-17:30,09:00-17:30,Community,DORSET,POOLE,190-196 HIGH STREET,C/O THE DOLPHIN CENTRE,8.5,09:00-17:30,BOURNEMOUTH & POOLE,09:00-17:30,BOOTS UK LIMITED,8.5,51,09:00-17:30,8.5,BOOTS,09:00-17:30,0,8.5,FC009,CLOSED,8.5,8.5
BH23 1QB,09:00-17:30,09:00-17:30,Community,DORSET,CHRISTCHURCH,,23 SAXON SQUARE,8.5,09:00-17:30,DORSET,09:00-17:30,BOOTS UK LIMITED,8.5,51,09:00-17:30,8.5,BOOTS,09:00-17:30,0,8.5,FHC47,CLOSED,8.5,8.5
BH4 9BB,09:00-17:30,09:00-17:30,Community,DORSET,BOURNEMOUTH,WESTBOURNE,95 POOLE ROAD,8.5,09:00-17:30,BOURNEMOUTH & POOLE,09:00-17:30,CHOUHAN PJ,8.5,51,09:00-17:30,8.5,VANTAGE PHARMACY,09:00-17:30,0,8.5,FT722,CLOSED,8.5,8.5
BH1 4AN,09:00-17:30,09:00-17:30,Community,DORSET,BOURNEMOUTH,BOSCOMBE,609-611 CHRISTCHURCH ROAD,8.5,09:00-17:30,BOURNEMOUTH & POOLE,09:00-17:30,SUPERDRUG STORES PLC,8.5,51,09:00-17:30,8.5,SUPERDRUG PHARMACY,09:00-17:30,0,8.5,FVY74,CLOSED,8.5,8.5
BH19 1AB,"09:00-13:00,14:00-17:30","09:00-13:00,14:00-17:30",Community," ",DORSET,SWANAGE,1-3 STATION RD,7.5,"09:00-13:00,14:00-17:30",DORSET,"09:00-13:00,14:00-17:30",BOOTS UK LIMITED,7.5,51,"09:00-13:00,14:00-17:30",7.5,BOOTS,"09:00-13:00,14:00-17:30",6,7.5,FFA03,10:00-16:00,7.5,7.5
BH1 4BP,"09:00-13:00,14:00-17:30","09:00-13:00,14:00-17:30",Community,DORSET,BOURNEMOUTH,BOSCOMBE,626-628 CHRISTCHURCH RD,7.5,"09:00-13:00,14:00-17:30",BOURNEMOUTH & POOLE,"09:00-13:00,14:00-17:30",BOOTS UK LIMITED,7.5,51,"09:00-13:00,14:00-17:30",7.5,BOOTS,"09:00-13:00,14:00-17:30",6,7.5,FV796,10:00-16:00,7.5,7.5
DT1 1BS,09:00-17:30,08:30-17:30,Community,DORSET,DORCHESTER,,17 SOUTH STREET,9,08:30-17:30,DORSET,08:30-17:30,SUPERDRUG STORES PLC,9,53,08:30-17:30,9,SUPERDRUG PHARMACY,"08:30-14:00,14:30-17:30",0,8.5,FN247,CLOSED,8.5,9
SP7 8DH,09:00-12:00,08:30-18:30,Community,DORSET,SHAFTESBURY,HAWKESDENE LANE,ABBEY VIEW MEDICAL CENTRE,10,08:30-18:30,DORSET,08:30-18:30,LP SD NINE LIMITED,10,53,08:30-18:30,10,JHOOTS PHARMACY,08:30-18:30,0,10,FG146,CLOSED,3,10
DT5 1BX,09:00-17:00,09:00-18:00,Community,DORSET,PORTLAND,,2 EASTON SQUARE,9,09:00-18:00,DORSET,09:00-18:00,BOOTS UK LIMITED,9,53,09:00-18:00,9,BOOTS,09:00-18:00,0,9,FQF92,CLOSED,8,9
DT1 1QR,08:30-15:30,08:30-18:30,Community,DORSET,DORCHESTER,5 WEYMOUTH AVENUE,UNIT 1 BREWERY SQUARE,10,08:30-18:30,DORSET,08:30-18:30,TOUT LIMITED,10,57,08:30-18:30,10,TOUT'S PHARMACY,08:30-18:30,0,10,FTT38,CLOSED,7,10
BH10 4DZ,09:00-18:00,09:00-19:00,Community,DORSET,BOURNEMOUTH,ENSBURY PARK,21-23 COLUMBIA ROAD,10,09:00-19:00,BOURNEMOUTH & POOLE,09:00-19:00,JASPERS HEALTH LIMITED,10,59,09:00-19:00,10,LATE NIGHT COLUMBIA CHEMIST,09:00-19:00,0,10,FAA53,CLOSED,9,10
BH22 9AL,"08:30-13:00,14:00-17:30","09:00-13:00,14:00-19:00",Community,DORSET,FERNDOWN,TRICKETTS CROSS,RINGWOOD ROAD,9,"09:00-13:00,14:00-19:00",DORSET,"09:00-13:00,14:00-19:00",BOOTS UK LIMITED,9,59,"09:00-13:00,14:00-19:00",9,BOOTS,"09:00-13:00,14:00-19:00",6,9,FMA93,10:00-16:00,8,9
DT3 5AX,"09:00-13:00,14:00-18:00","09:00-13:00,14:00-19:00",Community,DORSET,WEYMOUTH,,DORCHESTER ROAD,9,"09:00-13:00,14:00-19:00",DORSET,"09:00-13:00,14:00-19:00",WM MORRISON SUPERMARKETS LIMITED,9,59,"09:00-13:00,14:00-19:00",9,MORRISONS PHARMACY,"09:00-13:00,14:00-19:00",6,9,FMK10,10:00-16:00,8,9
BH31 6UQ,"09:00-13:00,14:00-18:00","09:00-13:00,14:00-19:00",Community," ",DORSET,VERWOOD,CHILTERN DRIVE,9,"09:00-13:00,14:00-19:00",DORSET,"09:00-13:00,14:00-19:00",WM MORRISON SUPERMARKETS LIMITED,9,59,"09:00-13:00,14:00-19:00",9,MORRISONS PHARMACY,"09:00-13:00,14:00-19:00",6,9,FPT55,10:00-16:00,8,9
BH12 4NX,09:00-21:00,09:00-21:00,Community,DORSET,POOLE,MANNINGS HEATH,YARROW ROAD,12,09:00-21:00,BOURNEMOUTH & POOLE,09:00-21:00,TESCO STORES LIMITED,12,78,09:00-21:00,12,TESCO INSTORE PHARMACY,09:00-21:00,6,12,FCG62,10:00-16:00,12,12
BH12 1AU,09:00-21:00,09:00-21:00,Community,DORSET,POOLE,BRANKSOME,POOLE ROAD,12,09:00-21:00,BOURNEMOUTH & POOLE,09:00-21:00,TESCO STORES LIMITED,12,78,09:00-21:00,12,TESCO INSTORE PHARMACY,09:00-21:00,6,12,FHE41,10:00-16:00,12,12
DT1 2RY,09:00-21:00,09:00-21:00,Community,,DORSET,DORCHESTER,WEYMOUTH AVENUE,12,09:00-21:00,DORSET,09:00-21:00,TESCO STORES LIMITED,12,78,09:00-21:00,12,TESCO INSTORE PHARMACY,09:00-21:00,6,12,FMG47,10:00-16:00,12,12
DT10 2LL,09:00-13:00,"09:00-13:00,14:00-17:30",Community,DORSET,STALBRIDGE,,HIGH STREET,7.5,"09:00-13:00,14:00-17:30",DORSET,"09:00-13:00,14:00-17:30",MB STALBRIDGE LIMITED,7.5,41.5,"09:00-13:00,14:00-17:30",7.5,STALBRIDGE PHARMACY,"09:00-13:00,14:00-17:30",0,7.5,FAW80,CLOSED,4,7.5
BH17 9DW,09:00-13:00,"09:00-13:00,14:00-17:30",Community,DORSET,POOLE,CULLIFORD CRESCENT,12 NEIGHBOURHOOD CENTRE,7.5,"09:00-13:00,14:00-17:30",BOURNEMOUTH & POOLE,"09:00-13:00,14:00-17:30",ARROWEDGE LIMITED,7.5,41.5,"09:00-13:00,14:00-17:30",7.5,ARROWEDGE PHARMACY,"09:00-13:00,14:00-17:30",0,7.5,FE379,CLOSED,4,7.5
BH18 8DP,09:00-13:00,"09:00-13:00,14:00-17:30",Community,DORSET,POOLE,BROADSTONE,188B LOWER BLANDFORD ROAD,7.5,"09:00-13:00,14:00-17:30",BOURNEMOUTH & POOLE,"09:00-13:00,14:00-17:30",ARROWEDGE LTD,7.5,41.5,"09:00-13:00,14:00-17:30",7.5,ARROWEDGE PHARMACY,"09:00-13:00,14:00-17:30",0,7.5,FJG24,CLOSED,4,7.5
BH23 4AS,09:00-13:00,"09:00-13:00,14:00-17:30",Community," ",DORSET,CHRISTCHURCH,94 MUDEFORD,7.5,"09:00-13:00,14:00-17:30",DORSET,"09:00-13:00,14:00-17:30",WESSEX PHARMACIES LTD,7.5,41.5,"09:00-13:00,14:00-17:30",7.5,MUDEFORD PHARMACY,"09:00-13:00,14:00-17:30",0,7.5,FP298,CLOSED,4,7.5
BH7 6BW,09:00-13:00,"09:00-13:00,14:00-17:30",Community," ",BOURNEMOUTH,BOSCOMBE EAST,1215 CHRISTCHURCH ROAD,7.5,"09:00-13:00,14:00-17:30",BOURNEMOUTH & POOLE,"09:00-13:00,14:00-17:30",PHARMASTAR LIMITED,7.5,41.5,"09:00-13:00,14:00-17:30",7.5,C & M CHEMISTS,"09:00-13:00,14:00-17:30",0,7.5,FQ306,CLOSED,4,7.5
BH13 7LP,09:00-13:00,"09:00-13:00,14:00-17:30",Community,DORSET,POOLE,CANFORD CLIFFS,28 HAVEN ROAD,7.5,"09:00-13:00,14:00-17:30",BOURNEMOUTH & POOLE,"09:00-13:00,14:00-17:30",DAY LEWIS PLC,7.5,41.5,"09:00-13:00,14:00-17:30",7.5,DAY LEWIS PHARMACY,"09:00-13:00,14:00-17:30",0,7.5,FRW86,CLOSED,4,7.5
BH24 2HP,09:00-13:00,"09:00-13:00,14:00-17:30",Community,HAMPSHIRE,NR RINGWOOD,ASHLEY HEATH,2 & 3 HIGH STREET,7.5,"09:00-13:00,14:00-17:30",DORSET,"09:00-13:00,14:00-17:30",SUPER HAPPY WING LIMITED,7.5,41.5,"09:00-13:00,14:00-17:30",7.5,ASHLEY HEATH PHARMACY,"09:00-13:00,14:00-17:30",0,7.5,FWH67,CLOSED,4,7.5
DT6 6PX,09:00-13:00,"09:00-13:00,14:00-17:30",Community,DORSET,CHARMOUTH,,THE STREET,7.5,"09:00-13:00,14:00-17:30",DORSET,"09:00-13:00,14:00-17:30",FG LOCK LIMITED,7.5,41.5,"09:00-13:00,14:00-17:30",7.5,CHARMOUTH PHARMACY,"09:00-13:00,14:00-17:30",0,7.5,FYM76,CLOSED,4,7.5
BH9 2HE,"10:00-14:00,15:00-17:00","09:00-14:00,15:00-17:30",Community," ",BOURNEMOUTH,WINTON,358-362 WIMBORNE RD,7.5,"09:00-14:00,15:00-17:30",BOURNEMOUTH & POOLE,"09:00-14:00,15:00-17:30",BOOTS UK LIMITED,7.5,43.5,"09:00-14:00,15:00-17:30",7.5,BOOTS,"09:00-14:00,15:00-17:30",0,7.5,FM254,CLOSED,6,7.5
BH11 9TW,09:00-12:00,09:00-17:30,Community,DORSET,BOURNEMOUTH,KING JOHN AVENUE,UNIT 4 BEARWOOD CENTRE,8.5,09:00-17:30,BOURNEMOUTH & POOLE,09:00-17:30,AVICENNA RETAIL LTD,8.5,45.5,09:00-17:30,8.5,AVICENNA PHARMACY,09:00-17:30,0,8.5,FLG28,CLOSED,3,8.5
DT1 2FD,09:00-12:00,09:00-17:30,Community,DORSET,DORCHESTER,"ST JOHN WAY, POUNDBURY",1 FREDERICK TREVES HOUSE,8.5,09:00-17:30,DORSET,09:00-17:30,AUNPHARMA LIMITED,8.5,45.5,09:00-17:30,8.5,POUNDBURY PHARMACY,09:00-17:30,0,8.5,FN115,CLOSED,3,8.5
DT9 3BA,09:00-14:00,09:00-17:30,Community,DORSET,SHERBORNE,,83 CHEAP STREET,8.5,09:00-17:30,DORSET,09:00-17:30,FLAGSHIP (DORSET) LTD,8.5,47.5,09:00-17:30,8.5,THE ABBEY PHARMACY,09:00-17:30,0,8.5,FL223,CLOSED,5,8.5
BH1 4AN,09:00-13:00,08:30-18:00,Community,DORSET,BOURNEMOUTH,BOSCOMBE,595 CHRISTCHURCH ROAD,9.5,08:30-18:00,BOURNEMOUTH & POOLE,08:30-18:00,WAREMOSS LIMITED,9.5,51.5,08:30-18:00,9.5,KAMSONS PHARMACY,08:30-18:00,0,9.5,FE765,CLOSED,4,9.5
BH8 8EH,09:00-13:00,08:30-18:00,Community,DORSET,BOURNEMOUTH,,5 HOLDENHURST ROAD,9.5,08:30-18:00,BOURNEMOUTH & POOLE,08:30-18:00,TIBBSHEALTHCARE LIMITED,9.5,51.5,08:30-18:00,9.5,HOLDENHURST PHARMACY,08:30-18:00,0,9.5,FNN12,CLOSED,4,9.5
BH5 1LX,09:00-13:00,08:30-18:00,Community,DORSET,BOURNEMOUTH,"BEECHWOOD AVE, BOSCOMBE",SHELLEY MANOR MEDICAL CTR,9.5,08:30-18:00,BOURNEMOUTH & POOLE,08:30-18:00,DAY LEWIS PLC,9.5,51.5,08:30-18:00,9.5,DAY LEWIS PHARMACY,08:30-18:00,0,9.5,FT397,CLOSED,4,9.5
BH22 8EB,09:00-13:00,09:00-18:30,Community,DORSET,FERNDOWN,PARLEY CROSS,143 NEW ROAD,9.5,09:00-18:30,DORSET,09:00-18:30,MEDICINE CLINIC LIMITED,9.5,51.5,09:00-18:30,9.5,PARLEY CROSS PHARMACY,09:00-18:30,0,9.5,FPE70,CLOSED,4,9.5
BH9 2AQ,09:00-17:30,08:30-17:30,Community,,BOURNEMOUTH,WINTON,377 WIMBORNE ROAD,9,08:30-17:30,BOURNEMOUTH & POOLE,08:30-17:30,SUPERDRUG STORES PLC,9,53.5,08:30-17:30,9,SUPERDRUG PHARMACY,08:30-17:30,0,9,FAR75,CLOSED,8.5,9
DT11 7AR,09:00-17:30,09:00-18:00,Community,DORSET,BLANDFORD,,10-14 SALISBURY STREET,9,09:00-18:00,DORSET,09:00-18:00,BOOTS UK LIMITED,9,53.5,09:00-18:00,9,BOOTS,09:00-18:00,0,9,FKN07,CLOSED,8.5,9
BH18 8DP,09:00-17:00,08:30-18:00,Community,DORSET,,BROADSTONE,192C LOWER BLANDFORD ROAD,9.5,08:30-18:00,BOURNEMOUTH & POOLE,08:30-18:00,SIBANDA PHARMA LTD,9.5,55.5,08:30-18:00,9.5,BROADSTONE VILLAGE PHARMACY,08:30-18:00,0,9.5,FMA26,CLOSED,8,9.5
BH15 3DH,09:00-12:00,"09:00-13:00,13:20-17:30",Community,DORSET,POOLE,OAKDALE,315 WIMBORNE ROAD,8.166666667,"09:00-13:00,13:20-17:30",BOURNEMOUTH & POOLE,"09:00-13:00,13:20-17:30",L ROWLAND & CO (RETAIL) LTD,8.166666667,43.83333333,"09:00-13:00,13:20-17:30",8.166666667,ROWLANDS PHARMACY,"09:00-13:00,13:20-17:30",0,8.166666667,FEH72,CLOSED,3,8.166666667
BH21 1SQ,09:00-12:00,"09:00-13:00,13:20-17:30",Community,DORSET,WIMBORNE,MERLEY,56 SOPWITH CRESCENT,8.166666667,"09:00-13:00,13:20-17:30",BOURNEMOUTH & POOLE,"09:00-13:00,13:20-17:30",L ROWLAND & CO (RETAIL) LTD,8.166666667,43.83333333,"09:00-13:00,13:20-17:30",8.166666667,ROWLANDS PHARMACY,"09:00-13:00,13:20-17:30",0,8.166666667,FF719,CLOSED,3,8.166666667
BH15 2PG,09:00-12:00,"09:00-13:00,13:20-17:30",Community," ",DORSET,POOLE,14 PARKSTONE RD,8.166666667,"09:00-13:00,13:20-17:30",BOURNEMOUTH & POOLE,"09:00-13:00,13:20-17:30",L ROWLAND & CO (RETAIL) LTD,8.166666667,43.83333333,"09:00-13:00,13:20-17:30",8.166666667,ROWLANDS PHARMACY,"09:00-13:00,13:20-17:30",0,8.166666667,FGC36,CLOSED,3,8.166666667